index,chunk_index,file_offset,payload_offset,payload_size,opcode,opcode_name,version
0,0,30,34,6,0x0A,init_video_mode,0
1,0,40,44,8,0x05,init_video_buffers,2
2,0,52,56,766,0x0C,set_palette,0
3,0,822,826,4,0x15,documented_unknown_15,0
4,0,830,834,0,0x01,end_of_chunk,0
5,1,838,842,10,0x03,init_audio_buffers,1
6,1,852,856,0,0x01,end_of_chunk,0
7,2,860,864,2932,0x08,audio_frame,0
8,2,3796,3800,6,0x09,silence_frame,0
9,2,3806,3810,0,0x01,end_of_chunk,0
10,3,3814,3818,2952,0x08,audio_frame,0
11,3,6770,6774,6,0x09,silence_frame,0
12,3,6780,6784,0,0x01,end_of_chunk,0
13,4,6788,6792,2952,0x08,audio_frame,0
14,4,9744,9748,6,0x09,silence_frame,0
15,4,9754,9758,0,0x01,end_of_chunk,0
16,5,9762,9766,2952,0x08,audio_frame,0
17,5,12718,12722,6,0x09,silence_frame,0
18,5,12728,12732,0,0x01,end_of_chunk,0
19,6,12736,12740,2952,0x08,audio_frame,0
20,6,15692,15696,6,0x09,silence_frame,0
21,6,15702,15706,0,0x01,end_of_chunk,0
22,7,15710,15714,2952,0x08,audio_frame,0
23,7,18666,18670,6,0x09,silence_frame,0
24,7,18676,18680,0,0x01,end_of_chunk,0
25,8,18684,18688,2952,0x08,audio_frame,0
26,8,21640,21644,6,0x09,silence_frame,0
27,8,21650,21654,0,0x01,end_of_chunk,0
28,9,21658,21662,2952,0x08,audio_frame,0
29,9,24614,24618,6,0x09,silence_frame,0
30,9,24624,24628,0,0x01,end_of_chunk,0
31,10,24632,24636,2952,0x08,audio_frame,0
32,10,27588,27592,6,0x09,silence_frame,0
33,10,27598,27602,0,0x01,end_of_chunk,0
34,11,27606,27610,2952,0x08,audio_frame,0
35,11,30562,30566,6,0x09,silence_frame,0
36,11,30572,30576,0,0x01,end_of_chunk,0
37,12,30580,30584,2952,0x08,audio_frame,0
38,12,33536,33540,6,0x09,silence_frame,0
39,12,33546,33550,0,0x01,end_of_chunk,0
40,13,33554,33558,2952,0x08,audio_frame,0
41,13,36510,36514,6,0x09,silence_frame,0
42,13,36520,36524,0,0x01,end_of_chunk,0
43,14,36528,36532,2952,0x08,audio_frame,0
44,14,39484,39488,6,0x09,silence_frame,0
45,14,39494,39498,0,0x01,end_of_chunk,0
46,15,39502,39506,2952,0x08,audio_frame,0
47,15,42458,42462,6,0x09,silence_frame,0
48,15,42468,42472,0,0x01,end_of_chunk,0
49,16,42476,42480,6,0x02,create_timer,0
50,16,42486,42490,1080,0x0F,set_decoding_map,0
51,16,43570,43574,2952,0x08,audio_frame,0
52,16,46526,46530,6,0x09,silence_frame,0
53,16,46536,46540,44440,0x11,video_data_11,3
54,16,90980,90984,132,0x13,documented_unknown_13,0
55,16,91116,91120,0,0x04,start_stop_audio,0
56,16,91120,91124,6,0x07,send_buffer,1
57,16,91130,91134,0,0x01,end_of_chunk,0
58,17,91138,91142,1080,0x0F,set_decoding_map,0
59,17,92222,92226,2932,0x08,audio_frame,0
60,17,95158,95162,6,0x09,silence_frame,0
61,17,95168,95172,14022,0x11,video_data_11,3
62,17,109194,109198,132,0x13,documented_unknown_13,0
63,17,109330,109334,0,0x04,start_stop_audio,0
64,17,109334,109338,6,0x07,send_buffer,1
65,17,109344,109348,0,0x01,end_of_chunk,0
66,18,109352,109356,1080,0x0F,set_decoding_map,0
67,18,110436,110440,2952,0x08,audio_frame,0
68,18,113392,113396,6,0x09,silence_frame,0
69,18,113402,113406,14030,0x11,video_data_11,3
70,18,127436,127440,132,0x13,documented_unknown_13,0
71,18,127572,127576,0,0x04,start_stop_audio,0
72,18,127576,127580,6,0x07,send_buffer,1
73,18,127586,127590,0,0x01,end_of_chunk,0
74,19,127594,127598,1080,0x0F,set_decoding_map,0
75,19,128678,128682,2952,0x08,audio_frame,0
76,19,131634,131638,6,0x09,silence_frame,0
77,19,131644,131648,14026,0x11,video_data_11,3
78,19,145674,145678,132,0x13,documented_unknown_13,0
79,19,145810,145814,0,0x04,start_stop_audio,0
80,19,145814,145818,6,0x07,send_buffer,1
81,19,145824,145828,0,0x01,end_of_chunk,0
82,20,145832,145836,1080,0x0F,set_decoding_map,0
83,20,146916,146920,2952,0x08,audio_frame,0
84,20,149872,149876,6,0x09,silence_frame,0
85,20,149882,149886,14026,0x11,video_data_11,3
86,20,163912,163916,132,0x13,documented_unknown_13,0
87,20,164048,164052,0,0x04,start_stop_audio,0
88,20,164052,164056,6,0x07,send_buffer,1
89,20,164062,164066,0,0x01,end_of_chunk,0
90,21,164070,164074,1080,0x0F,set_decoding_map,0
91,21,165154,165158,2952,0x08,audio_frame,0
92,21,168110,168114,6,0x09,silence_frame,0
93,21,168120,168124,14024,0x11,video_data_11,3
94,21,182148,182152,132,0x13,documented_unknown_13,0
95,21,182284,182288,0,0x04,start_stop_audio,0
96,21,182288,182292,6,0x07,send_buffer,1
97,21,182298,182302,0,0x01,end_of_chunk,0
98,22,182306,182310,1080,0x0F,set_decoding_map,0
99,22,183390,183394,2952,0x08,audio_frame,0
100,22,186346,186350,6,0x09,silence_frame,0
101,22,186356,186360,14028,0x11,video_data_11,3
102,22,200388,200392,132,0x13,documented_unknown_13,0
103,22,200524,200528,0,0x04,start_stop_audio,0
104,22,200528,200532,6,0x07,send_buffer,1
105,22,200538,200542,0,0x01,end_of_chunk,0
106,23,200546,200550,1080,0x0F,set_decoding_map,0
107,23,201630,201634,2952,0x08,audio_frame,0
108,23,204586,204590,6,0x09,silence_frame,0
109,23,204596,204600,14050,0x11,video_data_11,3
110,23,218650,218654,132,0x13,documented_unknown_13,0
111,23,218786,218790,0,0x04,start_stop_audio,0
112,23,218790,218794,6,0x07,send_buffer,1
113,23,218800,218804,0,0x01,end_of_chunk,0
114,24,218808,218812,1080,0x0F,set_decoding_map,0
115,24,219892,219896,2952,0x08,audio_frame,0
116,24,222848,222852,6,0x09,silence_frame,0
117,24,222858,222862,14022,0x11,video_data_11,3
118,24,236884,236888,132,0x13,documented_unknown_13,0
119,24,237020,237024,0,0x04,start_stop_audio,0
120,24,237024,237028,6,0x07,send_buffer,1
121,24,237034,237038,0,0x01,end_of_chunk,0
122,25,237042,237046,1080,0x0F,set_decoding_map,0
123,25,238126,238130,2952,0x08,audio_frame,0
124,25,241082,241086,6,0x09,silence_frame,0
125,25,241092,241096,14028,0x11,video_data_11,3
126,25,255124,255128,132,0x13,documented_unknown_13,0
127,25,255260,255264,0,0x04,start_stop_audio,0
128,25,255264,255268,6,0x07,send_buffer,1
129,25,255274,255278,0,0x01,end_of_chunk,0
130,26,255282,255286,1080,0x0F,set_decoding_map,0
131,26,256366,256370,2952,0x08,audio_frame,0
132,26,259322,259326,6,0x09,silence_frame,0
133,26,259332,259336,14030,0x11,video_data_11,3
134,26,273366,273370,132,0x13,documented_unknown_13,0
135,26,273502,273506,0,0x04,start_stop_audio,0
136,26,273506,273510,6,0x07,send_buffer,1
137,26,273516,273520,0,0x01,end_of_chunk,0
138,27,273524,273528,1080,0x0F,set_decoding_map,0
139,27,274608,274612,2952,0x08,audio_frame,0
140,27,277564,277568,6,0x09,silence_frame,0
141,27,277574,277578,14022,0x11,video_data_11,3
142,27,291600,291604,132,0x13,documented_unknown_13,0
143,27,291736,291740,0,0x04,start_stop_audio,0
144,27,291740,291744,6,0x07,send_buffer,1
145,27,291750,291754,0,0x01,end_of_chunk,0
146,28,291758,291762,1080,0x0F,set_decoding_map,0
147,28,292842,292846,2952,0x08,audio_frame,0
148,28,295798,295802,6,0x09,silence_frame,0
149,28,295808,295812,14062,0x11,video_data_11,3
150,28,309874,309878,132,0x13,documented_unknown_13,0
151,28,310010,310014,0,0x04,start_stop_audio,0
152,28,310014,310018,6,0x07,send_buffer,1
153,28,310024,310028,0,0x01,end_of_chunk,0
154,29,310032,310036,1080,0x0F,set_decoding_map,0
155,29,311116,311120,2952,0x08,audio_frame,0
156,29,314072,314076,6,0x09,silence_frame,0
157,29,314082,314086,14038,0x11,video_data_11,3
158,29,328124,328128,132,0x13,documented_unknown_13,0
159,29,328260,328264,0,0x04,start_stop_audio,0
160,29,328264,328268,6,0x07,send_buffer,1
161,29,328274,328278,0,0x01,end_of_chunk,0
162,30,328282,328286,1080,0x0F,set_decoding_map,0
163,30,329366,329370,2952,0x08,audio_frame,0
164,30,332322,332326,6,0x09,silence_frame,0
165,30,332332,332336,14052,0x11,video_data_11,3
166,30,346388,346392,132,0x13,documented_unknown_13,0
167,30,346524,346528,0,0x04,start_stop_audio,0
168,30,346528,346532,6,0x07,send_buffer,1
169,30,346538,346542,0,0x01,end_of_chunk,0
170,31,346546,346550,1080,0x0F,set_decoding_map,0
171,31,347630,347634,2952,0x08,audio_frame,0
172,31,350586,350590,6,0x09,silence_frame,0
173,31,350596,350600,14064,0x11,video_data_11,3
174,31,364664,364668,132,0x13,documented_unknown_13,0
175,31,364800,364804,0,0x04,start_stop_audio,0
176,31,364804,364808,6,0x07,send_buffer,1
177,31,364814,364818,0,0x01,end_of_chunk,0
178,32,364822,364826,1080,0x0F,set_decoding_map,0
179,32,365906,365910,2932,0x08,audio_frame,0
180,32,368842,368846,6,0x09,silence_frame,0
181,32,368852,368856,14040,0x11,video_data_11,3
182,32,382896,382900,132,0x13,documented_unknown_13,0
183,32,383032,383036,0,0x04,start_stop_audio,0
184,32,383036,383040,6,0x07,send_buffer,1
185,32,383046,383050,0,0x01,end_of_chunk,0
186,33,383054,383058,1080,0x0F,set_decoding_map,0
187,33,384138,384142,2952,0x08,audio_frame,0
188,33,387094,387098,6,0x09,silence_frame,0
189,33,387104,387108,14030,0x11,video_data_11,3
190,33,401138,401142,132,0x13,documented_unknown_13,0
191,33,401274,401278,0,0x04,start_stop_audio,0
192,33,401278,401282,6,0x07,send_buffer,1
193,33,401288,401292,0,0x01,end_of_chunk,0
194,34,401296,401300,1080,0x0F,set_decoding_map,0
195,34,402380,402384,2952,0x08,audio_frame,0
196,34,405336,405340,6,0x09,silence_frame,0
197,34,405346,405350,14022,0x11,video_data_11,3
198,34,419372,419376,132,0x13,documented_unknown_13,0
199,34,419508,419512,0,0x04,start_stop_audio,0
200,34,419512,419516,6,0x07,send_buffer,1
201,34,419522,419526,0,0x01,end_of_chunk,0
202,35,419530,419534,1080,0x0F,set_decoding_map,0
203,35,420614,420618,2952,0x08,audio_frame,0
204,35,423570,423574,6,0x09,silence_frame,0
205,35,423580,423584,14022,0x11,video_data_11,3
206,35,437606,437610,132,0x13,documented_unknown_13,0
207,35,437742,437746,0,0x04,start_stop_audio,0
208,35,437746,437750,6,0x07,send_buffer,1
209,35,437756,437760,0,0x01,end_of_chunk,0
210,36,437764,437768,1080,0x0F,set_decoding_map,0
211,36,438848,438852,2952,0x08,audio_frame,0
212,36,441804,441808,6,0x09,silence_frame,0
213,36,441814,441818,14076,0x11,video_data_11,3
214,36,455894,455898,132,0x13,documented_unknown_13,0
215,36,456030,456034,0,0x04,start_stop_audio,0
216,36,456034,456038,6,0x07,send_buffer,1
217,36,456044,456048,0,0x01,end_of_chunk,0
218,37,456052,456056,1080,0x0F,set_decoding_map,0
219,37,457136,457140,2952,0x08,audio_frame,0
220,37,460092,460096,6,0x09,silence_frame,0
221,37,460102,460106,14024,0x11,video_data_11,3
222,37,474130,474134,132,0x13,documented_unknown_13,0
223,37,474266,474270,0,0x04,start_stop_audio,0
224,37,474270,474274,6,0x07,send_buffer,1
225,37,474280,474284,0,0x01,end_of_chunk,0
226,38,474288,474292,1080,0x0F,set_decoding_map,0
227,38,475372,475376,2952,0x08,audio_frame,0
228,38,478328,478332,6,0x09,silence_frame,0
229,38,478338,478342,14044,0x11,video_data_11,3
230,38,492386,492390,132,0x13,documented_unknown_13,0
231,38,492522,492526,0,0x04,start_stop_audio,0
232,38,492526,492530,6,0x07,send_buffer,1
233,38,492536,492540,0,0x01,end_of_chunk,0
234,39,492544,492548,1080,0x0F,set_decoding_map,0
235,39,493628,493632,2952,0x08,audio_frame,0
236,39,496584,496588,6,0x09,silence_frame,0
237,39,496594,496598,14032,0x11,video_data_11,3
238,39,510630,510634,132,0x13,documented_unknown_13,0
239,39,510766,510770,0,0x04,start_stop_audio,0
240,39,510770,510774,6,0x07,send_buffer,1
241,39,510780,510784,0,0x01,end_of_chunk,0
242,40,510788,510792,1080,0x0F,set_decoding_map,0
243,40,511872,511876,2952,0x08,audio_frame,0
244,40,514828,514832,6,0x09,silence_frame,0
245,40,514838,514842,14028,0x11,video_data_11,3
246,40,528870,528874,132,0x13,documented_unknown_13,0
247,40,529006,529010,0,0x04,start_stop_audio,0
248,40,529010,529014,6,0x07,send_buffer,1
249,40,529020,529024,0,0x01,end_of_chunk,0
250,41,529028,529032,1080,0x0F,set_decoding_map,0
251,41,530112,530116,2952,0x08,audio_frame,0
252,41,533068,533072,6,0x09,silence_frame,0
253,41,533078,533082,14052,0x11,video_data_11,3
254,41,547134,547138,132,0x13,documented_unknown_13,0
255,41,547270,547274,0,0x04,start_stop_audio,0
256,41,547274,547278,6,0x07,send_buffer,1
257,41,547284,547288,0,0x01,end_of_chunk,0
258,42,547292,547296,1080,0x0F,set_decoding_map,0
259,42,548376,548380,2952,0x08,audio_frame,0
260,42,551332,551336,6,0x09,silence_frame,0
261,42,551342,551346,14028,0x11,video_data_11,3
262,42,565374,565378,132,0x13,documented_unknown_13,0
263,42,565510,565514,0,0x04,start_stop_audio,0
264,42,565514,565518,6,0x07,send_buffer,1
265,42,565524,565528,0,0x01,end_of_chunk,0
266,43,565532,565536,1080,0x0F,set_decoding_map,0
267,43,566616,566620,2952,0x08,audio_frame,0
268,43,569572,569576,6,0x09,silence_frame,0
269,43,569582,569586,14022,0x11,video_data_11,3
270,43,583608,583612,132,0x13,documented_unknown_13,0
271,43,583744,583748,0,0x04,start_stop_audio,0
272,43,583748,583752,6,0x07,send_buffer,1
273,43,583758,583762,0,0x01,end_of_chunk,0
274,44,583766,583770,1080,0x0F,set_decoding_map,0
275,44,584850,584854,2952,0x08,audio_frame,0
276,44,587806,587810,6,0x09,silence_frame,0
277,44,587816,587820,14046,0x11,video_data_11,3
278,44,601866,601870,132,0x13,documented_unknown_13,0
279,44,602002,602006,0,0x04,start_stop_audio,0
280,44,602006,602010,6,0x07,send_buffer,1
281,44,602016,602020,0,0x01,end_of_chunk,0
282,45,602024,602028,1080,0x0F,set_decoding_map,0
283,45,603108,603112,2952,0x08,audio_frame,0
284,45,606064,606068,6,0x09,silence_frame,0
285,45,606074,606078,14028,0x11,video_data_11,3
286,45,620106,620110,132,0x13,documented_unknown_13,0
287,45,620242,620246,0,0x04,start_stop_audio,0
288,45,620246,620250,6,0x07,send_buffer,1
289,45,620256,620260,0,0x01,end_of_chunk,0
290,46,620264,620268,1080,0x0F,set_decoding_map,0
291,46,621348,621352,2952,0x08,audio_frame,0
292,46,624304,624308,6,0x09,silence_frame,0
293,46,624314,624318,14034,0x11,video_data_11,3
294,46,638352,638356,132,0x13,documented_unknown_13,0
295,46,638488,638492,0,0x04,start_stop_audio,0
296,46,638492,638496,6,0x07,send_buffer,1
297,46,638502,638506,0,0x01,end_of_chunk,0
298,47,638510,638514,1080,0x0F,set_decoding_map,0
299,47,639594,639598,2932,0x08,audio_frame,0
300,47,642530,642534,6,0x09,silence_frame,0
301,47,642540,642544,14026,0x11,video_data_11,3
302,47,656570,656574,132,0x13,documented_unknown_13,0
303,47,656706,656710,0,0x04,start_stop_audio,0
304,47,656710,656714,6,0x07,send_buffer,1
305,47,656720,656724,0,0x01,end_of_chunk,0
306,48,656728,656732,1080,0x0F,set_decoding_map,0
307,48,657812,657816,2952,0x08,audio_frame,0
308,48,660768,660772,6,0x09,silence_frame,0
309,48,660778,660782,14022,0x11,video_data_11,3
310,48,674804,674808,132,0x13,documented_unknown_13,0
311,48,674940,674944,0,0x04,start_stop_audio,0
312,48,674944,674948,6,0x07,send_buffer,1
313,48,674954,674958,0,0x01,end_of_chunk,0
314,49,674962,674966,1080,0x0F,set_decoding_map,0
315,49,676046,676050,2952,0x08,audio_frame,0
316,49,679002,679006,6,0x09,silence_frame,0
317,49,679012,679016,14066,0x11,video_data_11,3
318,49,693082,693086,132,0x13,documented_unknown_13,0
319,49,693218,693222,0,0x04,start_stop_audio,0
320,49,693222,693226,6,0x07,send_buffer,1
321,49,693232,693236,0,0x01,end_of_chunk,0
322,50,693240,693244,1080,0x0F,set_decoding_map,0
323,50,694324,694328,2952,0x08,audio_frame,0
324,50,697280,697284,6,0x09,silence_frame,0
325,50,697290,697294,14022,0x11,video_data_11,3
326,50,711316,711320,132,0x13,documented_unknown_13,0
327,50,711452,711456,0,0x04,start_stop_audio,0
328,50,711456,711460,6,0x07,send_buffer,1
329,50,711466,711470,0,0x01,end_of_chunk,0
330,51,711474,711478,1080,0x0F,set_decoding_map,0
331,51,712558,712562,2952,0x08,audio_frame,0
332,51,715514,715518,6,0x09,silence_frame,0
333,51,715524,715528,14022,0x11,video_data_11,3
334,51,729550,729554,132,0x13,documented_unknown_13,0
335,51,729686,729690,0,0x04,start_stop_audio,0
336,51,729690,729694,6,0x07,send_buffer,1
337,51,729700,729704,0,0x01,end_of_chunk,0
338,52,729708,729712,1080,0x0F,set_decoding_map,0
339,52,730792,730796,2952,0x08,audio_frame,0
340,52,733748,733752,6,0x09,silence_frame,0
341,52,733758,733762,14022,0x11,video_data_11,3
342,52,747784,747788,132,0x13,documented_unknown_13,0
343,52,747920,747924,0,0x04,start_stop_audio,0
344,52,747924,747928,6,0x07,send_buffer,1
345,52,747934,747938,0,0x01,end_of_chunk,0
346,53,747942,747946,1080,0x0F,set_decoding_map,0
347,53,749026,749030,2952,0x08,audio_frame,0
348,53,751982,751986,6,0x09,silence_frame,0
349,53,751992,751996,14054,0x11,video_data_11,3
350,53,766050,766054,132,0x13,documented_unknown_13,0
351,53,766186,766190,0,0x04,start_stop_audio,0
352,53,766190,766194,6,0x07,send_buffer,1
353,53,766200,766204,0,0x01,end_of_chunk,0
354,54,766208,766212,1080,0x0F,set_decoding_map,0
355,54,767292,767296,2952,0x08,audio_frame,0
356,54,770248,770252,6,0x09,silence_frame,0
357,54,770258,770262,14044,0x11,video_data_11,3
358,54,784306,784310,132,0x13,documented_unknown_13,0
359,54,784442,784446,0,0x04,start_stop_audio,0
360,54,784446,784450,6,0x07,send_buffer,1
361,54,784456,784460,0,0x01,end_of_chunk,0
362,55,784464,784468,1080,0x0F,set_decoding_map,0
363,55,785548,785552,2952,0x08,audio_frame,0
364,55,788504,788508,6,0x09,silence_frame,0
365,55,788514,788518,14060,0x11,video_data_11,3
366,55,802578,802582,132,0x13,documented_unknown_13,0
367,55,802714,802718,0,0x04,start_stop_audio,0
368,55,802718,802722,6,0x07,send_buffer,1
369,55,802728,802732,0,0x01,end_of_chunk,0
370,56,802736,802740,1080,0x0F,set_decoding_map,0
371,56,803820,803824,2952,0x08,audio_frame,0
372,56,806776,806780,6,0x09,silence_frame,0
373,56,806786,806790,14022,0x11,video_data_11,3
374,56,820812,820816,132,0x13,documented_unknown_13,0
375,56,820948,820952,0,0x04,start_stop_audio,0
376,56,820952,820956,6,0x07,send_buffer,1
377,56,820962,820966,0,0x01,end_of_chunk,0
378,57,820970,820974,1080,0x0F,set_decoding_map,0
379,57,822054,822058,2952,0x08,audio_frame,0
380,57,825010,825014,6,0x09,silence_frame,0
381,57,825020,825024,14036,0x11,video_data_11,3
382,57,839060,839064,132,0x13,documented_unknown_13,0
383,57,839196,839200,0,0x04,start_stop_audio,0
384,57,839200,839204,6,0x07,send_buffer,1
385,57,839210,839214,0,0x01,end_of_chunk,0
386,58,839218,839222,1080,0x0F,set_decoding_map,0
387,58,840302,840306,2952,0x08,audio_frame,0
388,58,843258,843262,6,0x09,silence_frame,0
389,58,843268,843272,14022,0x11,video_data_11,3
390,58,857294,857298,132,0x13,documented_unknown_13,0
391,58,857430,857434,0,0x04,start_stop_audio,0
392,58,857434,857438,6,0x07,send_buffer,1
393,58,857444,857448,0,0x01,end_of_chunk,0
394,59,857452,857456,1080,0x0F,set_decoding_map,0
395,59,858536,858540,2952,0x08,audio_frame,0
396,59,861492,861496,6,0x09,silence_frame,0
397,59,861502,861506,14026,0x11,video_data_11,3
398,59,875532,875536,132,0x13,documented_unknown_13,0
399,59,875668,875672,0,0x04,start_stop_audio,0
400,59,875672,875676,6,0x07,send_buffer,1
401,59,875682,875686,0,0x01,end_of_chunk,0
402,60,875690,875694,1080,0x0F,set_decoding_map,0
403,60,876774,876778,2952,0x08,audio_frame,0
404,60,879730,879734,6,0x09,silence_frame,0
405,60,879740,879744,14026,0x11,video_data_11,3
406,60,893770,893774,132,0x13,documented_unknown_13,0
407,60,893906,893910,0,0x04,start_stop_audio,0
408,60,893910,893914,6,0x07,send_buffer,1
409,60,893920,893924,0,0x01,end_of_chunk,0
410,61,893928,893932,1080,0x0F,set_decoding_map,0
411,61,895012,895016,2952,0x08,audio_frame,0
412,61,897968,897972,6,0x09,silence_frame,0
413,61,897978,897982,14028,0x11,video_data_11,3
414,61,912010,912014,132,0x13,documented_unknown_13,0
415,61,912146,912150,0,0x04,start_stop_audio,0
416,61,912150,912154,6,0x07,send_buffer,1
417,61,912160,912164,0,0x01,end_of_chunk,0
418,62,912168,912172,1080,0x0F,set_decoding_map,0
419,62,913252,913256,2932,0x08,audio_frame,0
420,62,916188,916192,6,0x09,silence_frame,0
421,62,916198,916202,14032,0x11,video_data_11,3
422,62,930234,930238,132,0x13,documented_unknown_13,0
423,62,930370,930374,0,0x04,start_stop_audio,0
424,62,930374,930378,6,0x07,send_buffer,1
425,62,930384,930388,0,0x01,end_of_chunk,0
426,63,930392,930396,1080,0x0F,set_decoding_map,0
427,63,931476,931480,2952,0x08,audio_frame,0
428,63,934432,934436,6,0x09,silence_frame,0
429,63,934442,934446,14038,0x11,video_data_11,3
430,63,948484,948488,132,0x13,documented_unknown_13,0
431,63,948620,948624,0,0x04,start_stop_audio,0
432,63,948624,948628,6,0x07,send_buffer,1
433,63,948634,948638,0,0x01,end_of_chunk,0
434,64,948642,948646,1080,0x0F,set_decoding_map,0
435,64,949726,949730,2952,0x08,audio_frame,0
436,64,952682,952686,6,0x09,silence_frame,0
437,64,952692,952696,14058,0x11,video_data_11,3
438,64,966754,966758,132,0x13,documented_unknown_13,0
439,64,966890,966894,0,0x04,start_stop_audio,0
440,64,966894,966898,6,0x07,send_buffer,1
441,64,966904,966908,0,0x01,end_of_chunk,0
442,65,966912,966916,1080,0x0F,set_decoding_map,0
443,65,967996,968000,2952,0x08,audio_frame,0
444,65,970952,970956,6,0x09,silence_frame,0
445,65,970962,970966,14022,0x11,video_data_11,3
446,65,984988,984992,132,0x13,documented_unknown_13,0
447,65,985124,985128,0,0x04,start_stop_audio,0
448,65,985128,985132,6,0x07,send_buffer,1
449,65,985138,985142,0,0x01,end_of_chunk,0
450,66,985146,985150,1080,0x0F,set_decoding_map,0
451,66,986230,986234,2952,0x08,audio_frame,0
452,66,989186,989190,6,0x09,silence_frame,0
453,66,989196,989200,14024,0x11,video_data_11,3
454,66,1003224,1003228,132,0x13,documented_unknown_13,0
455,66,1003360,1003364,0,0x04,start_stop_audio,0
456,66,1003364,1003368,6,0x07,send_buffer,1
457,66,1003374,1003378,0,0x01,end_of_chunk,0
458,67,1003382,1003386,1080,0x0F,set_decoding_map,0
459,67,1004466,1004470,2952,0x08,audio_frame,0
460,67,1007422,1007426,6,0x09,silence_frame,0
461,67,1007432,1007436,14028,0x11,video_data_11,3
462,67,1021464,1021468,132,0x13,documented_unknown_13,0
463,67,1021600,1021604,0,0x04,start_stop_audio,0
464,67,1021604,1021608,6,0x07,send_buffer,1
465,67,1021614,1021618,0,0x01,end_of_chunk,0
466,68,1021622,1021626,1080,0x0F,set_decoding_map,0
467,68,1022706,1022710,2952,0x08,audio_frame,0
468,68,1025662,1025666,6,0x09,silence_frame,0
469,68,1025672,1025676,14032,0x11,video_data_11,3
470,68,1039708,1039712,132,0x13,documented_unknown_13,0
471,68,1039844,1039848,0,0x04,start_stop_audio,0
472,68,1039848,1039852,6,0x07,send_buffer,1
473,68,1039858,1039862,0,0x01,end_of_chunk,0
474,69,1039866,1039870,1080,0x0F,set_decoding_map,0
475,69,1040950,1040954,2952,0x08,audio_frame,0
476,69,1043906,1043910,6,0x09,silence_frame,0
477,69,1043916,1043920,14032,0x11,video_data_11,3
478,69,1057952,1057956,132,0x13,documented_unknown_13,0
479,69,1058088,1058092,0,0x04,start_stop_audio,0
480,69,1058092,1058096,6,0x07,send_buffer,1
481,69,1058102,1058106,0,0x01,end_of_chunk,0
482,70,1058110,1058114,1080,0x0F,set_decoding_map,0
483,70,1059194,1059198,2952,0x08,audio_frame,0
484,70,1062150,1062154,6,0x09,silence_frame,0
485,70,1062160,1062164,14052,0x11,video_data_11,3
486,70,1076216,1076220,132,0x13,documented_unknown_13,0
487,70,1076352,1076356,0,0x04,start_stop_audio,0
488,70,1076356,1076360,6,0x07,send_buffer,1
489,70,1076366,1076370,0,0x01,end_of_chunk,0
490,71,1076374,1076378,1080,0x0F,set_decoding_map,0
491,71,1077458,1077462,2952,0x08,audio_frame,0
492,71,1080414,1080418,6,0x09,silence_frame,0
493,71,1080424,1080428,14032,0x11,video_data_11,3
494,71,1094460,1094464,132,0x13,documented_unknown_13,0
495,71,1094596,1094600,0,0x04,start_stop_audio,0
496,71,1094600,1094604,6,0x07,send_buffer,1
497,71,1094610,1094614,0,0x01,end_of_chunk,0
498,72,1094618,1094622,1080,0x0F,set_decoding_map,0
499,72,1095702,1095706,2952,0x08,audio_frame,0
500,72,1098658,1098662,6,0x09,silence_frame,0
501,72,1098668,1098672,14040,0x11,video_data_11,3
502,72,1112712,1112716,132,0x13,documented_unknown_13,0
503,72,1112848,1112852,0,0x04,start_stop_audio,0
504,72,1112852,1112856,6,0x07,send_buffer,1
505,72,1112862,1112866,0,0x01,end_of_chunk,0
506,73,1112870,1112874,1080,0x0F,set_decoding_map,0
507,73,1113954,1113958,2952,0x08,audio_frame,0
508,73,1116910,1116914,6,0x09,silence_frame,0
509,73,1116920,1116924,14040,0x11,video_data_11,3
510,73,1130964,1130968,132,0x13,documented_unknown_13,0
511,73,1131100,1131104,0,0x04,start_stop_audio,0
512,73,1131104,1131108,6,0x07,send_buffer,1
513,73,1131114,1131118,0,0x01,end_of_chunk,0
514,74,1131122,1131126,1080,0x0F,set_decoding_map,0
515,74,1132206,1132210,2952,0x08,audio_frame,0
516,74,1135162,1135166,6,0x09,silence_frame,0
517,74,1135172,1135176,14040,0x11,video_data_11,3
518,74,1149216,1149220,132,0x13,documented_unknown_13,0
519,74,1149352,1149356,0,0x04,start_stop_audio,0
520,74,1149356,1149360,6,0x07,send_buffer,1
521,74,1149366,1149370,0,0x01,end_of_chunk,0
522,75,1149374,1149378,1080,0x0F,set_decoding_map,0
523,75,1150458,1150462,2952,0x08,audio_frame,0
524,75,1153414,1153418,6,0x09,silence_frame,0
525,75,1153424,1153428,14050,0x11,video_data_11,3
526,75,1167478,1167482,132,0x13,documented_unknown_13,0
527,75,1167614,1167618,0,0x04,start_stop_audio,0
528,75,1167618,1167622,6,0x07,send_buffer,1
529,75,1167628,1167632,0,0x01,end_of_chunk,0
530,76,1167636,1167640,1080,0x0F,set_decoding_map,0
531,76,1168720,1168724,2952,0x08,audio_frame,0
532,76,1171676,1171680,6,0x09,silence_frame,0
533,76,1171686,1171690,14038,0x11,video_data_11,3
534,76,1185728,1185732,132,0x13,documented_unknown_13,0
535,76,1185864,1185868,0,0x04,start_stop_audio,0
536,76,1185868,1185872,6,0x07,send_buffer,1
537,76,1185878,1185882,0,0x01,end_of_chunk,0
538,77,1185886,1185890,1080,0x0F,set_decoding_map,0
539,77,1186970,1186974,2932,0x08,audio_frame,0
540,77,1189906,1189910,6,0x09,silence_frame,0
541,77,1189916,1189920,14026,0x11,video_data_11,3
542,77,1203946,1203950,132,0x13,documented_unknown_13,0
543,77,1204082,1204086,0,0x04,start_stop_audio,0
544,77,1204086,1204090,6,0x07,send_buffer,1
545,77,1204096,1204100,0,0x01,end_of_chunk,0
546,78,1204104,1204108,1080,0x0F,set_decoding_map,0
547,78,1205188,1205192,2952,0x08,audio_frame,0
548,78,1208144,1208148,6,0x09,silence_frame,0
549,78,1208154,1208158,14074,0x11,video_data_11,3
550,78,1222232,1222236,132,0x13,documented_unknown_13,0
551,78,1222368,1222372,0,0x04,start_stop_audio,0
552,78,1222372,1222376,6,0x07,send_buffer,1
553,78,1222382,1222386,0,0x01,end_of_chunk,0
554,79,1222390,1222394,1080,0x0F,set_decoding_map,0
555,79,1223474,1223478,2952,0x08,audio_frame,0
556,79,1226430,1226434,6,0x09,silence_frame,0
557,79,1226440,1226444,14022,0x11,video_data_11,3
558,79,1240466,1240470,132,0x13,documented_unknown_13,0
559,79,1240602,1240606,0,0x04,start_stop_audio,0
560,79,1240606,1240610,6,0x07,send_buffer,1
561,79,1240616,1240620,0,0x01,end_of_chunk,0
562,80,1240624,1240628,1080,0x0F,set_decoding_map,0
563,80,1241708,1241712,2952,0x08,audio_frame,0
564,80,1244664,1244668,6,0x09,silence_frame,0
565,80,1244674,1244678,14048,0x11,video_data_11,3
566,80,1258726,1258730,132,0x13,documented_unknown_13,0
567,80,1258862,1258866,0,0x04,start_stop_audio,0
568,80,1258866,1258870,6,0x07,send_buffer,1
569,80,1258876,1258880,0,0x01,end_of_chunk,0
570,81,1258884,1258888,1080,0x0F,set_decoding_map,0
571,81,1259968,1259972,2952,0x08,audio_frame,0
572,81,1262924,1262928,6,0x09,silence_frame,0
573,81,1262934,1262938,14028,0x11,video_data_11,3
574,81,1276966,1276970,132,0x13,documented_unknown_13,0
575,81,1277102,1277106,0,0x04,start_stop_audio,0
576,81,1277106,1277110,6,0x07,send_buffer,1
577,81,1277116,1277120,0,0x01,end_of_chunk,0
578,82,1277124,1277128,1080,0x0F,set_decoding_map,0
579,82,1278208,1278212,2952,0x08,audio_frame,0
580,82,1281164,1281168,6,0x09,silence_frame,0
581,82,1281174,1281178,14058,0x11,video_data_11,3
582,82,1295236,1295240,132,0x13,documented_unknown_13,0
583,82,1295372,1295376,0,0x04,start_stop_audio,0
584,82,1295376,1295380,6,0x07,send_buffer,1
585,82,1295386,1295390,0,0x01,end_of_chunk,0
586,83,1295394,1295398,1080,0x0F,set_decoding_map,0
587,83,1296478,1296482,2952,0x08,audio_frame,0
588,83,1299434,1299438,6,0x09,silence_frame,0
589,83,1299444,1299448,14036,0x11,video_data_11,3
590,83,1313484,1313488,132,0x13,documented_unknown_13,0
591,83,1313620,1313624,0,0x04,start_stop_audio,0
592,83,1313624,1313628,6,0x07,send_buffer,1
593,83,1313634,1313638,0,0x01,end_of_chunk,0
594,84,1313642,1313646,1080,0x0F,set_decoding_map,0
595,84,1314726,1314730,2952,0x08,audio_frame,0
596,84,1317682,1317686,6,0x09,silence_frame,0
597,84,1317692,1317696,14028,0x11,video_data_11,3
598,84,1331724,1331728,132,0x13,documented_unknown_13,0
599,84,1331860,1331864,0,0x04,start_stop_audio,0
600,84,1331864,1331868,6,0x07,send_buffer,1
601,84,1331874,1331878,0,0x01,end_of_chunk,0
602,85,1331882,1331886,1080,0x0F,set_decoding_map,0
603,85,1332966,1332970,2952,0x08,audio_frame,0
604,85,1335922,1335926,6,0x09,silence_frame,0
605,85,1335932,1335936,14022,0x11,video_data_11,3
606,85,1349958,1349962,132,0x13,documented_unknown_13,0
607,85,1350094,1350098,0,0x04,start_stop_audio,0
608,85,1350098,1350102,6,0x07,send_buffer,1
609,85,1350108,1350112,0,0x01,end_of_chunk,0
610,86,1350116,1350120,1080,0x0F,set_decoding_map,0
611,86,1351200,1351204,2952,0x08,audio_frame,0
612,86,1354156,1354160,6,0x09,silence_frame,0
613,86,1354166,1354170,14050,0x11,video_data_11,3
614,86,1368220,1368224,132,0x13,documented_unknown_13,0
615,86,1368356,1368360,0,0x04,start_stop_audio,0
616,86,1368360,1368364,6,0x07,send_buffer,1
617,86,1368370,1368374,0,0x01,end_of_chunk,0
618,87,1368378,1368382,1080,0x0F,set_decoding_map,0
619,87,1369462,1369466,2952,0x08,audio_frame,0
620,87,1372418,1372422,6,0x09,silence_frame,0
621,87,1372428,1372432,14042,0x11,video_data_11,3
622,87,1386474,1386478,132,0x13,documented_unknown_13,0
623,87,1386610,1386614,0,0x04,start_stop_audio,0
624,87,1386614,1386618,6,0x07,send_buffer,1
625,87,1386624,1386628,0,0x01,end_of_chunk,0
626,88,1386632,1386636,1080,0x0F,set_decoding_map,0
627,88,1387716,1387720,2952,0x08,audio_frame,0
628,88,1390672,1390676,6,0x09,silence_frame,0
629,88,1390682,1390686,14078,0x11,video_data_11,3
630,88,1404764,1404768,132,0x13,documented_unknown_13,0
631,88,1404900,1404904,0,0x04,start_stop_audio,0
632,88,1404904,1404908,6,0x07,send_buffer,1
633,88,1404914,1404918,0,0x01,end_of_chunk,0
634,89,1404922,1404926,1080,0x0F,set_decoding_map,0
635,89,1406006,1406010,2952,0x08,audio_frame,0
636,89,1408962,1408966,6,0x09,silence_frame,0
637,89,1408972,1408976,14024,0x11,video_data_11,3
638,89,1423000,1423004,132,0x13,documented_unknown_13,0
639,89,1423136,1423140,0,0x04,start_stop_audio,0
640,89,1423140,1423144,6,0x07,send_buffer,1
641,89,1423150,1423154,0,0x01,end_of_chunk,0
642,90,1423158,1423162,1080,0x0F,set_decoding_map,0
643,90,1424242,1424246,2952,0x08,audio_frame,0
644,90,1427198,1427202,6,0x09,silence_frame,0
645,90,1427208,1427212,14022,0x11,video_data_11,3
646,90,1441234,1441238,132,0x13,documented_unknown_13,0
647,90,1441370,1441374,0,0x04,start_stop_audio,0
648,90,1441374,1441378,6,0x07,send_buffer,1
649,90,1441384,1441388,0,0x01,end_of_chunk,0
650,91,1441392,1441396,1080,0x0F,set_decoding_map,0
651,91,1442476,1442480,2952,0x08,audio_frame,0
652,91,1445432,1445436,6,0x09,silence_frame,0
653,91,1445442,1445446,14030,0x11,video_data_11,3
654,91,1459476,1459480,132,0x13,documented_unknown_13,0
655,91,1459612,1459616,0,0x04,start_stop_audio,0
656,91,1459616,1459620,6,0x07,send_buffer,1
657,91,1459626,1459630,0,0x01,end_of_chunk,0
658,92,1459634,1459638,1080,0x0F,set_decoding_map,0
659,92,1460718,1460722,2932,0x08,audio_frame,0
660,92,1463654,1463658,6,0x09,silence_frame,0
661,92,1463664,1463668,14022,0x11,video_data_11,3
662,92,1477690,1477694,132,0x13,documented_unknown_13,0
663,92,1477826,1477830,0,0x04,start_stop_audio,0
664,92,1477830,1477834,6,0x07,send_buffer,1
665,92,1477840,1477844,0,0x01,end_of_chunk,0
666,93,1477848,1477852,1080,0x0F,set_decoding_map,0
667,93,1478932,1478936,2952,0x08,audio_frame,0
668,93,1481888,1481892,6,0x09,silence_frame,0
669,93,1481898,1481902,14022,0x11,video_data_11,3
670,93,1495924,1495928,132,0x13,documented_unknown_13,0
671,93,1496060,1496064,0,0x04,start_stop_audio,0
672,93,1496064,1496068,6,0x07,send_buffer,1
673,93,1496074,1496078,0,0x01,end_of_chunk,0
674,94,1496082,1496086,1080,0x0F,set_decoding_map,0
675,94,1497166,1497170,2952,0x08,audio_frame,0
676,94,1500122,1500126,6,0x09,silence_frame,0
677,94,1500132,1500136,14026,0x11,video_data_11,3
678,94,1514162,1514166,132,0x13,documented_unknown_13,0
679,94,1514298,1514302,0,0x04,start_stop_audio,0
680,94,1514302,1514306,6,0x07,send_buffer,1
681,94,1514312,1514316,0,0x01,end_of_chunk,0
682,95,1514320,1514324,1080,0x0F,set_decoding_map,0
683,95,1515404,1515408,2952,0x08,audio_frame,0
684,95,1518360,1518364,6,0x09,silence_frame,0
685,95,1518370,1518374,14022,0x11,video_data_11,3
686,95,1532396,1532400,132,0x13,documented_unknown_13,0
687,95,1532532,1532536,0,0x04,start_stop_audio,0
688,95,1532536,1532540,6,0x07,send_buffer,1
689,95,1532546,1532550,0,0x01,end_of_chunk,0
690,96,1532554,1532558,1080,0x0F,set_decoding_map,0
691,96,1533638,1533642,2952,0x08,audio_frame,0
692,96,1536594,1536598,6,0x09,silence_frame,0
693,96,1536604,1536608,14032,0x11,video_data_11,3
694,96,1550640,1550644,132,0x13,documented_unknown_13,0
695,96,1550776,1550780,0,0x04,start_stop_audio,0
696,96,1550780,1550784,6,0x07,send_buffer,1
697,96,1550790,1550794,0,0x01,end_of_chunk,0
698,97,1550798,1550802,1080,0x0F,set_decoding_map,0
699,97,1551882,1551886,2952,0x08,audio_frame,0
700,97,1554838,1554842,6,0x09,silence_frame,0
701,97,1554848,1554852,14030,0x11,video_data_11,3
702,97,1568882,1568886,132,0x13,documented_unknown_13,0
703,97,1569018,1569022,0,0x04,start_stop_audio,0
704,97,1569022,1569026,6,0x07,send_buffer,1
705,97,1569032,1569036,0,0x01,end_of_chunk,0
706,98,1569040,1569044,1080,0x0F,set_decoding_map,0
707,98,1570124,1570128,2952,0x08,audio_frame,0
708,98,1573080,1573084,6,0x09,silence_frame,0
709,98,1573090,1573094,14038,0x11,video_data_11,3
710,98,1587132,1587136,132,0x13,documented_unknown_13,0
711,98,1587268,1587272,0,0x04,start_stop_audio,0
712,98,1587272,1587276,6,0x07,send_buffer,1
713,98,1587282,1587286,0,0x01,end_of_chunk,0
714,99,1587290,1587294,1080,0x0F,set_decoding_map,0
715,99,1588374,1588378,2952,0x08,audio_frame,0
716,99,1591330,1591334,6,0x09,silence_frame,0
717,99,1591340,1591344,14022,0x11,video_data_11,3
718,99,1605366,1605370,132,0x13,documented_unknown_13,0
719,99,1605502,1605506,0,0x04,start_stop_audio,0
720,99,1605506,1605510,6,0x07,send_buffer,1
721,99,1605516,1605520,0,0x01,end_of_chunk,0
722,100,1605524,1605528,1080,0x0F,set_decoding_map,0
723,100,1606608,1606612,2952,0x08,audio_frame,0
724,100,1609564,1609568,6,0x09,silence_frame,0
725,100,1609574,1609578,14050,0x11,video_data_11,3
726,100,1623628,1623632,132,0x13,documented_unknown_13,0
727,100,1623764,1623768,0,0x04,start_stop_audio,0
728,100,1623768,1623772,6,0x07,send_buffer,1
729,100,1623778,1623782,0,0x01,end_of_chunk,0
730,101,1623786,1623790,1080,0x0F,set_decoding_map,0
731,101,1624870,1624874,2952,0x08,audio_frame,0
732,101,1627826,1627830,6,0x09,silence_frame,0
733,101,1627836,1627840,14032,0x11,video_data_11,3
734,101,1641872,1641876,132,0x13,documented_unknown_13,0
735,101,1642008,1642012,0,0x04,start_stop_audio,0
736,101,1642012,1642016,6,0x07,send_buffer,1
737,101,1642022,1642026,0,0x01,end_of_chunk,0
738,102,1642030,1642034,1080,0x0F,set_decoding_map,0
739,102,1643114,1643118,2952,0x08,audio_frame,0
740,102,1646070,1646074,6,0x09,silence_frame,0
741,102,1646080,1646084,14038,0x11,video_data_11,3
742,102,1660122,1660126,132,0x13,documented_unknown_13,0
743,102,1660258,1660262,0,0x04,start_stop_audio,0
744,102,1660262,1660266,6,0x07,send_buffer,1
745,102,1660272,1660276,0,0x01,end_of_chunk,0
746,103,1660280,1660284,1080,0x0F,set_decoding_map,0
747,103,1661364,1661368,2952,0x08,audio_frame,0
748,103,1664320,1664324,6,0x09,silence_frame,0
749,103,1664330,1664334,14022,0x11,video_data_11,3
750,103,1678356,1678360,132,0x13,documented_unknown_13,0
751,103,1678492,1678496,0,0x04,start_stop_audio,0
752,103,1678496,1678500,6,0x07,send_buffer,1
753,103,1678506,1678510,0,0x01,end_of_chunk,0
754,104,1678514,1678518,1080,0x0F,set_decoding_map,0
755,104,1679598,1679602,2952,0x08,audio_frame,0
756,104,1682554,1682558,6,0x09,silence_frame,0
757,104,1682564,1682568,14026,0x11,video_data_11,3
758,104,1696594,1696598,132,0x13,documented_unknown_13,0
759,104,1696730,1696734,0,0x04,start_stop_audio,0
760,104,1696734,1696738,6,0x07,send_buffer,1
761,104,1696744,1696748,0,0x01,end_of_chunk,0
762,105,1696752,1696756,1080,0x0F,set_decoding_map,0
763,105,1697836,1697840,2952,0x08,audio_frame,0
764,105,1700792,1700796,6,0x09,silence_frame,0
765,105,1700802,1700806,14026,0x11,video_data_11,3
766,105,1714832,1714836,132,0x13,documented_unknown_13,0
767,105,1714968,1714972,0,0x04,start_stop_audio,0
768,105,1714972,1714976,6,0x07,send_buffer,1
769,105,1714982,1714986,0,0x01,end_of_chunk,0
770,106,1714990,1714994,1080,0x0F,set_decoding_map,0
771,106,1716074,1716078,2952,0x08,audio_frame,0
772,106,1719030,1719034,6,0x09,silence_frame,0
773,106,1719040,1719044,14036,0x11,video_data_11,3
774,106,1733080,1733084,132,0x13,documented_unknown_13,0
775,106,1733216,1733220,0,0x04,start_stop_audio,0
776,106,1733220,1733224,6,0x07,send_buffer,1
777,106,1733230,1733234,0,0x01,end_of_chunk,0
778,107,1733238,1733242,1080,0x0F,set_decoding_map,0
779,107,1734322,1734326,2932,0x08,audio_frame,0
780,107,1737258,1737262,6,0x09,silence_frame,0
781,107,1737268,1737272,14028,0x11,video_data_11,3
782,107,1751300,1751304,132,0x13,documented_unknown_13,0
783,107,1751436,1751440,0,0x04,start_stop_audio,0
784,107,1751440,1751444,6,0x07,send_buffer,1
785,107,1751450,1751454,0,0x01,end_of_chunk,0
786,108,1751458,1751462,1080,0x0F,set_decoding_map,0
787,108,1752542,1752546,2952,0x08,audio_frame,0
788,108,1755498,1755502,6,0x09,silence_frame,0
789,108,1755508,1755512,14076,0x11,video_data_11,3
790,108,1769588,1769592,132,0x13,documented_unknown_13,0
791,108,1769724,1769728,0,0x04,start_stop_audio,0
792,108,1769728,1769732,6,0x07,send_buffer,1
793,108,1769738,1769742,0,0x01,end_of_chunk,0
794,109,1769746,1769750,1080,0x0F,set_decoding_map,0
795,109,1770830,1770834,2952,0x08,audio_frame,0
796,109,1773786,1773790,6,0x09,silence_frame,0
797,109,1773796,1773800,14038,0x11,video_data_11,3
798,109,1787838,1787842,132,0x13,documented_unknown_13,0
799,109,1787974,1787978,0,0x04,start_stop_audio,0
800,109,1787978,1787982,6,0x07,send_buffer,1
801,109,1787988,1787992,0,0x01,end_of_chunk,0
802,110,1787996,1788000,1080,0x0F,set_decoding_map,0
803,110,1789080,1789084,2952,0x08,audio_frame,0
804,110,1792036,1792040,6,0x09,silence_frame,0
805,110,1792046,1792050,14042,0x11,video_data_11,3
806,110,1806092,1806096,132,0x13,documented_unknown_13,0
807,110,1806228,1806232,0,0x04,start_stop_audio,0
808,110,1806232,1806236,6,0x07,send_buffer,1
809,110,1806242,1806246,0,0x01,end_of_chunk,0
810,111,1806250,1806254,1080,0x0F,set_decoding_map,0
811,111,1807334,1807338,2952,0x08,audio_frame,0
812,111,1810290,1810294,6,0x09,silence_frame,0
813,111,1810300,1810304,14036,0x11,video_data_11,3
814,111,1824340,1824344,132,0x13,documented_unknown_13,0
815,111,1824476,1824480,0,0x04,start_stop_audio,0
816,111,1824480,1824484,6,0x07,send_buffer,1
817,111,1824490,1824494,0,0x01,end_of_chunk,0
818,112,1824498,1824502,1080,0x0F,set_decoding_map,0
819,112,1825582,1825586,2952,0x08,audio_frame,0
820,112,1828538,1828542,6,0x09,silence_frame,0
821,112,1828548,1828552,14026,0x11,video_data_11,3
822,112,1842578,1842582,132,0x13,documented_unknown_13,0
823,112,1842714,1842718,0,0x04,start_stop_audio,0
824,112,1842718,1842722,6,0x07,send_buffer,1
825,112,1842728,1842732,0,0x01,end_of_chunk,0
826,113,1842736,1842740,1080,0x0F,set_decoding_map,0
827,113,1843820,1843824,2952,0x08,audio_frame,0
828,113,1846776,1846780,6,0x09,silence_frame,0
829,113,1846786,1846790,14024,0x11,video_data_11,3
830,113,1860814,1860818,132,0x13,documented_unknown_13,0
831,113,1860950,1860954,0,0x04,start_stop_audio,0
832,113,1860954,1860958,6,0x07,send_buffer,1
833,113,1860964,1860968,0,0x01,end_of_chunk,0
834,114,1860972,1860976,1080,0x0F,set_decoding_map,0
835,114,1862056,1862060,2952,0x08,audio_frame,0
836,114,1865012,1865016,6,0x09,silence_frame,0
837,114,1865022,1865026,14070,0x11,video_data_11,3
838,114,1879096,1879100,132,0x13,documented_unknown_13,0
839,114,1879232,1879236,0,0x04,start_stop_audio,0
840,114,1879236,1879240,6,0x07,send_buffer,1
841,114,1879246,1879250,0,0x01,end_of_chunk,0
842,115,1879254,1879258,1080,0x0F,set_decoding_map,0
843,115,1880338,1880342,2952,0x08,audio_frame,0
844,115,1883294,1883298,6,0x09,silence_frame,0
845,115,1883304,1883308,14040,0x11,video_data_11,3
846,115,1897348,1897352,132,0x13,documented_unknown_13,0
847,115,1897484,1897488,0,0x04,start_stop_audio,0
848,115,1897488,1897492,6,0x07,send_buffer,1
849,115,1897498,1897502,0,0x01,end_of_chunk,0
850,116,1897506,1897510,1080,0x0F,set_decoding_map,0
851,116,1898590,1898594,2952,0x08,audio_frame,0
852,116,1901546,1901550,6,0x09,silence_frame,0
853,116,1901556,1901560,14022,0x11,video_data_11,3
854,116,1915582,1915586,132,0x13,documented_unknown_13,0
855,116,1915718,1915722,0,0x04,start_stop_audio,0
856,116,1915722,1915726,6,0x07,send_buffer,1
857,116,1915732,1915736,0,0x01,end_of_chunk,0
858,117,1915740,1915744,1080,0x0F,set_decoding_map,0
859,117,1916824,1916828,2952,0x08,audio_frame,0
860,117,1919780,1919784,6,0x09,silence_frame,0
861,117,1919790,1919794,14030,0x11,video_data_11,3
862,117,1933824,1933828,132,0x13,documented_unknown_13,0
863,117,1933960,1933964,0,0x04,start_stop_audio,0
864,117,1933964,1933968,6,0x07,send_buffer,1
865,117,1933974,1933978,0,0x01,end_of_chunk,0
866,118,1933982,1933986,1080,0x0F,set_decoding_map,0
867,118,1935066,1935070,2952,0x08,audio_frame,0
868,118,1938022,1938026,6,0x09,silence_frame,0
869,118,1938032,1938036,14028,0x11,video_data_11,3
870,118,1952064,1952068,132,0x13,documented_unknown_13,0
871,118,1952200,1952204,0,0x04,start_stop_audio,0
872,118,1952204,1952208,6,0x07,send_buffer,1
873,118,1952214,1952218,0,0x01,end_of_chunk,0
874,119,1952222,1952226,1080,0x0F,set_decoding_map,0
875,119,1953306,1953310,2952,0x08,audio_frame,0
876,119,1956262,1956266,6,0x09,silence_frame,0
877,119,1956272,1956276,14038,0x11,video_data_11,3
878,119,1970314,1970318,132,0x13,documented_unknown_13,0
879,119,1970450,1970454,0,0x04,start_stop_audio,0
880,119,1970454,1970458,6,0x07,send_buffer,1
881,119,1970464,1970468,0,0x01,end_of_chunk,0
882,120,1970472,1970476,1080,0x0F,set_decoding_map,0
883,120,1971556,1971560,2952,0x08,audio_frame,0
884,120,1974512,1974516,6,0x09,silence_frame,0
885,120,1974522,1974526,14032,0x11,video_data_11,3
886,120,1988558,1988562,132,0x13,documented_unknown_13,0
887,120,1988694,1988698,0,0x04,start_stop_audio,0
888,120,1988698,1988702,6,0x07,send_buffer,1
889,120,1988708,1988712,0,0x01,end_of_chunk,0
890,121,1988716,1988720,1080,0x0F,set_decoding_map,0
891,121,1989800,1989804,2952,0x08,audio_frame,0
892,121,1992756,1992760,6,0x09,silence_frame,0
893,121,1992766,1992770,14062,0x11,video_data_11,3
894,121,2006832,2006836,132,0x13,documented_unknown_13,0
895,121,2006968,2006972,0,0x04,start_stop_audio,0
896,121,2006972,2006976,6,0x07,send_buffer,1
897,121,2006982,2006986,0,0x01,end_of_chunk,0
898,122,2006990,2006994,1080,0x0F,set_decoding_map,0
899,122,2008074,2008078,2932,0x08,audio_frame,0
900,122,2011010,2011014,6,0x09,silence_frame,0
901,122,2011020,2011024,14044,0x11,video_data_11,3
902,122,2025068,2025072,132,0x13,documented_unknown_13,0
903,122,2025204,2025208,0,0x04,start_stop_audio,0
904,122,2025208,2025212,6,0x07,send_buffer,1
905,122,2025218,2025222,0,0x01,end_of_chunk,0
906,123,2025226,2025230,1080,0x0F,set_decoding_map,0
907,123,2026310,2026314,2952,0x08,audio_frame,0
908,123,2029266,2029270,6,0x09,silence_frame,0
909,123,2029276,2029280,14024,0x11,video_data_11,3
910,123,2043304,2043308,132,0x13,documented_unknown_13,0
911,123,2043440,2043444,0,0x04,start_stop_audio,0
912,123,2043444,2043448,6,0x07,send_buffer,1
913,123,2043454,2043458,0,0x01,end_of_chunk,0
914,124,2043462,2043466,1080,0x0F,set_decoding_map,0
915,124,2044546,2044550,2952,0x08,audio_frame,0
916,124,2047502,2047506,6,0x09,silence_frame,0
917,124,2047512,2047516,14022,0x11,video_data_11,3
918,124,2061538,2061542,132,0x13,documented_unknown_13,0
919,124,2061674,2061678,0,0x04,start_stop_audio,0
920,124,2061678,2061682,6,0x07,send_buffer,1
921,124,2061688,2061692,0,0x01,end_of_chunk,0
922,125,2061696,2061700,1080,0x0F,set_decoding_map,0
923,125,2062780,2062784,2952,0x08,audio_frame,0
924,125,2065736,2065740,6,0x09,silence_frame,0
925,125,2065746,2065750,14028,0x11,video_data_11,3
926,125,2079778,2079782,132,0x13,documented_unknown_13,0
927,125,2079914,2079918,0,0x04,start_stop_audio,0
928,125,2079918,2079922,6,0x07,send_buffer,1
929,125,2079928,2079932,0,0x01,end_of_chunk,0
930,126,2079936,2079940,1080,0x0F,set_decoding_map,0
931,126,2081020,2081024,2952,0x08,audio_frame,0
932,126,2083976,2083980,6,0x09,silence_frame,0
933,126,2083986,2083990,14036,0x11,video_data_11,3
934,126,2098026,2098030,132,0x13,documented_unknown_13,0
935,126,2098162,2098166,0,0x04,start_stop_audio,0
936,126,2098166,2098170,6,0x07,send_buffer,1
937,126,2098176,2098180,0,0x01,end_of_chunk,0
938,127,2098184,2098188,1080,0x0F,set_decoding_map,0
939,127,2099268,2099272,2952,0x08,audio_frame,0
940,127,2102224,2102228,6,0x09,silence_frame,0
941,127,2102234,2102238,14042,0x11,video_data_11,3
942,127,2116280,2116284,132,0x13,documented_unknown_13,0
943,127,2116416,2116420,0,0x04,start_stop_audio,0
944,127,2116420,2116424,6,0x07,send_buffer,1
945,127,2116430,2116434,0,0x01,end_of_chunk,0
946,128,2116438,2116442,1080,0x0F,set_decoding_map,0
947,128,2117522,2117526,2952,0x08,audio_frame,0
948,128,2120478,2120482,6,0x09,silence_frame,0
949,128,2120488,2120492,14024,0x11,video_data_11,3
950,128,2134516,2134520,132,0x13,documented_unknown_13,0
951,128,2134652,2134656,0,0x04,start_stop_audio,0
952,128,2134656,2134660,6,0x07,send_buffer,1
953,128,2134666,2134670,0,0x01,end_of_chunk,0
954,129,2134674,2134678,1080,0x0F,set_decoding_map,0
955,129,2135758,2135762,2952,0x08,audio_frame,0
956,129,2138714,2138718,6,0x09,silence_frame,0
957,129,2138724,2138728,14036,0x11,video_data_11,3
958,129,2152764,2152768,132,0x13,documented_unknown_13,0
959,129,2152900,2152904,0,0x04,start_stop_audio,0
960,129,2152904,2152908,6,0x07,send_buffer,1
961,129,2152914,2152918,0,0x01,end_of_chunk,0
962,130,2152922,2152926,1080,0x0F,set_decoding_map,0
963,130,2154006,2154010,2952,0x08,audio_frame,0
964,130,2156962,2156966,6,0x09,silence_frame,0
965,130,2156972,2156976,14024,0x11,video_data_11,3
966,130,2171000,2171004,132,0x13,documented_unknown_13,0
967,130,2171136,2171140,0,0x04,start_stop_audio,0
968,130,2171140,2171144,6,0x07,send_buffer,1
969,130,2171150,2171154,0,0x01,end_of_chunk,0
970,131,2171158,2171162,1080,0x0F,set_decoding_map,0
971,131,2172242,2172246,2952,0x08,audio_frame,0
972,131,2175198,2175202,6,0x09,silence_frame,0
973,131,2175208,2175212,14036,0x11,video_data_11,3
974,131,2189248,2189252,132,0x13,documented_unknown_13,0
975,131,2189384,2189388,0,0x04,start_stop_audio,0
976,131,2189388,2189392,6,0x07,send_buffer,1
977,131,2189398,2189402,0,0x01,end_of_chunk,0
978,132,2189406,2189410,1080,0x0F,set_decoding_map,0
979,132,2190490,2190494,2952,0x08,audio_frame,0
980,132,2193446,2193450,6,0x09,silence_frame,0
981,132,2193456,2193460,14044,0x11,video_data_11,3
982,132,2207504,2207508,132,0x13,documented_unknown_13,0
983,132,2207640,2207644,0,0x04,start_stop_audio,0
984,132,2207644,2207648,6,0x07,send_buffer,1
985,132,2207654,2207658,0,0x01,end_of_chunk,0
986,133,2207662,2207666,1080,0x0F,set_decoding_map,0
987,133,2208746,2208750,2952,0x08,audio_frame,0
988,133,2211702,2211706,6,0x09,silence_frame,0
989,133,2211712,2211716,14042,0x11,video_data_11,3
990,133,2225758,2225762,132,0x13,documented_unknown_13,0
991,133,2225894,2225898,0,0x04,start_stop_audio,0
992,133,2225898,2225902,6,0x07,send_buffer,1
993,133,2225908,2225912,0,0x01,end_of_chunk,0
994,134,2225916,2225920,1080,0x0F,set_decoding_map,0
995,134,2227000,2227004,2952,0x08,audio_frame,0
996,134,2229956,2229960,6,0x09,silence_frame,0
997,134,2229966,2229970,14032,0x11,video_data_11,3
998,134,2244002,2244006,132,0x13,documented_unknown_13,0
999,134,2244138,2244142,0,0x04,start_stop_audio,0
1000,134,2244142,2244146,6,0x07,send_buffer,1
1001,134,2244152,2244156,0,0x01,end_of_chunk,0
1002,135,2244160,2244164,1080,0x0F,set_decoding_map,0
1003,135,2245244,2245248,2952,0x08,audio_frame,0
1004,135,2248200,2248204,6,0x09,silence_frame,0
1005,135,2248210,2248214,14078,0x11,video_data_11,3
1006,135,2262292,2262296,132,0x13,documented_unknown_13,0
1007,135,2262428,2262432,0,0x04,start_stop_audio,0
1008,135,2262432,2262436,6,0x07,send_buffer,1
1009,135,2262442,2262446,0,0x01,end_of_chunk,0
1010,136,2262450,2262454,1080,0x0F,set_decoding_map,0
1011,136,2263534,2263538,2952,0x08,audio_frame,0
1012,136,2266490,2266494,6,0x09,silence_frame,0
1013,136,2266500,2266504,14048,0x11,video_data_11,3
1014,136,2280552,2280556,132,0x13,documented_unknown_13,0
1015,136,2280688,2280692,0,0x04,start_stop_audio,0
1016,136,2280692,2280696,6,0x07,send_buffer,1
1017,136,2280702,2280706,0,0x01,end_of_chunk,0
1018,137,2280710,2280714,1080,0x0F,set_decoding_map,0
1019,137,2281794,2281798,2932,0x08,audio_frame,0
1020,137,2284730,2284734,6,0x09,silence_frame,0
1021,137,2284740,2284744,14056,0x11,video_data_11,3
1022,137,2298800,2298804,132,0x13,documented_unknown_13,0
1023,137,2298936,2298940,0,0x04,start_stop_audio,0
1024,137,2298940,2298944,6,0x07,send_buffer,1
1025,137,2298950,2298954,0,0x01,end_of_chunk,0
1026,138,2298958,2298962,1080,0x0F,set_decoding_map,0
1027,138,2300042,2300046,2952,0x08,audio_frame,0
1028,138,2302998,2303002,6,0x09,silence_frame,0
1029,138,2303008,2303012,14022,0x11,video_data_11,3
1030,138,2317034,2317038,132,0x13,documented_unknown_13,0
1031,138,2317170,2317174,0,0x04,start_stop_audio,0
1032,138,2317174,2317178,6,0x07,send_buffer,1
1033,138,2317184,2317188,0,0x01,end_of_chunk,0
1034,139,2317192,2317196,1080,0x0F,set_decoding_map,0
1035,139,2318276,2318280,2952,0x08,audio_frame,0
1036,139,2321232,2321236,6,0x09,silence_frame,0
1037,139,2321242,2321246,14084,0x11,video_data_11,3
1038,139,2335330,2335334,132,0x13,documented_unknown_13,0
1039,139,2335466,2335470,0,0x04,start_stop_audio,0
1040,139,2335470,2335474,6,0x07,send_buffer,1
1041,139,2335480,2335484,0,0x01,end_of_chunk,0
1042,140,2335488,2335492,1080,0x0F,set_decoding_map,0
1043,140,2336572,2336576,2952,0x08,audio_frame,0
1044,140,2339528,2339532,6,0x09,silence_frame,0
1045,140,2339538,2339542,14034,0x11,video_data_11,3
1046,140,2353576,2353580,132,0x13,documented_unknown_13,0
1047,140,2353712,2353716,0,0x04,start_stop_audio,0
1048,140,2353716,2353720,6,0x07,send_buffer,1
1049,140,2353726,2353730,0,0x01,end_of_chunk,0
1050,141,2353734,2353738,1080,0x0F,set_decoding_map,0
1051,141,2354818,2354822,2952,0x08,audio_frame,0
1052,141,2357774,2357778,6,0x09,silence_frame,0
1053,141,2357784,2357788,14068,0x11,video_data_11,3
1054,141,2371856,2371860,132,0x13,documented_unknown_13,0
1055,141,2371992,2371996,0,0x04,start_stop_audio,0
1056,141,2371996,2372000,6,0x07,send_buffer,1
1057,141,2372006,2372010,0,0x01,end_of_chunk,0
1058,142,2372014,2372018,1080,0x0F,set_decoding_map,0
1059,142,2373098,2373102,2952,0x08,audio_frame,0
1060,142,2376054,2376058,6,0x09,silence_frame,0
1061,142,2376064,2376068,14080,0x11,video_data_11,3
1062,142,2390148,2390152,132,0x13,documented_unknown_13,0
1063,142,2390284,2390288,0,0x04,start_stop_audio,0
1064,142,2390288,2390292,6,0x07,send_buffer,1
1065,142,2390298,2390302,0,0x01,end_of_chunk,0
1066,143,2390306,2390310,1080,0x0F,set_decoding_map,0
1067,143,2391390,2391394,2952,0x08,audio_frame,0
1068,143,2394346,2394350,6,0x09,silence_frame,0
1069,143,2394356,2394360,14034,0x11,video_data_11,3
1070,143,2408394,2408398,132,0x13,documented_unknown_13,0
1071,143,2408530,2408534,0,0x04,start_stop_audio,0
1072,143,2408534,2408538,6,0x07,send_buffer,1
1073,143,2408544,2408548,0,0x01,end_of_chunk,0
1074,144,2408552,2408556,1080,0x0F,set_decoding_map,0
1075,144,2409636,2409640,2952,0x08,audio_frame,0
1076,144,2412592,2412596,6,0x09,silence_frame,0
1077,144,2412602,2412606,14082,0x11,video_data_11,3
1078,144,2426688,2426692,132,0x13,documented_unknown_13,0
1079,144,2426824,2426828,0,0x04,start_stop_audio,0
1080,144,2426828,2426832,6,0x07,send_buffer,1
1081,144,2426838,2426842,0,0x01,end_of_chunk,0
1082,145,2426846,2426850,1080,0x0F,set_decoding_map,0
1083,145,2427930,2427934,2952,0x08,audio_frame,0
1084,145,2430886,2430890,6,0x09,silence_frame,0
1085,145,2430896,2430900,14030,0x11,video_data_11,3
1086,145,2444930,2444934,132,0x13,documented_unknown_13,0
1087,145,2445066,2445070,0,0x04,start_stop_audio,0
1088,145,2445070,2445074,6,0x07,send_buffer,1
1089,145,2445080,2445084,0,0x01,end_of_chunk,0
1090,146,2445088,2445092,1080,0x0F,set_decoding_map,0
1091,146,2446172,2446176,2952,0x08,audio_frame,0
1092,146,2449128,2449132,6,0x09,silence_frame,0
1093,146,2449138,2449142,14022,0x11,video_data_11,3
1094,146,2463164,2463168,132,0x13,documented_unknown_13,0
1095,146,2463300,2463304,0,0x04,start_stop_audio,0
1096,146,2463304,2463308,6,0x07,send_buffer,1
1097,146,2463314,2463318,0,0x01,end_of_chunk,0
1098,147,2463322,2463326,1080,0x0F,set_decoding_map,0
1099,147,2464406,2464410,2952,0x08,audio_frame,0
1100,147,2467362,2467366,6,0x09,silence_frame,0
1101,147,2467372,2467376,14080,0x11,video_data_11,3
1102,147,2481456,2481460,132,0x13,documented_unknown_13,0
1103,147,2481592,2481596,0,0x04,start_stop_audio,0
1104,147,2481596,2481600,6,0x07,send_buffer,1
1105,147,2481606,2481610,0,0x01,end_of_chunk,0
1106,148,2481614,2481618,1080,0x0F,set_decoding_map,0
1107,148,2482698,2482702,2952,0x08,audio_frame,0
1108,148,2485654,2485658,6,0x09,silence_frame,0
1109,148,2485664,2485668,14056,0x11,video_data_11,3
1110,148,2499724,2499728,132,0x13,documented_unknown_13,0
1111,148,2499860,2499864,0,0x04,start_stop_audio,0
1112,148,2499864,2499868,6,0x07,send_buffer,1
1113,148,2499874,2499878,0,0x01,end_of_chunk,0
1114,149,2499882,2499886,1080,0x0F,set_decoding_map,0
1115,149,2500966,2500970,2952,0x08,audio_frame,0
1116,149,2503922,2503926,6,0x09,silence_frame,0
1117,149,2503932,2503936,14058,0x11,video_data_11,3
1118,149,2517994,2517998,132,0x13,documented_unknown_13,0
1119,149,2518130,2518134,0,0x04,start_stop_audio,0
1120,149,2518134,2518138,6,0x07,send_buffer,1
1121,149,2518144,2518148,0,0x01,end_of_chunk,0
1122,150,2518152,2518156,1080,0x0F,set_decoding_map,0
1123,150,2519236,2519240,2952,0x08,audio_frame,0
1124,150,2522192,2522196,6,0x09,silence_frame,0
1125,150,2522202,2522206,14022,0x11,video_data_11,3
1126,150,2536228,2536232,132,0x13,documented_unknown_13,0
1127,150,2536364,2536368,0,0x04,start_stop_audio,0
1128,150,2536368,2536372,6,0x07,send_buffer,1
1129,150,2536378,2536382,0,0x01,end_of_chunk,0
1130,151,2536386,2536390,1080,0x0F,set_decoding_map,0
1131,151,2537470,2537474,2952,0x08,audio_frame,0
1132,151,2540426,2540430,6,0x09,silence_frame,0
1133,151,2540436,2540440,14064,0x11,video_data_11,3
1134,151,2554504,2554508,132,0x13,documented_unknown_13,0
1135,151,2554640,2554644,0,0x04,start_stop_audio,0
1136,151,2554644,2554648,6,0x07,send_buffer,1
1137,151,2554654,2554658,0,0x01,end_of_chunk,0
1138,152,2554662,2554666,1080,0x0F,set_decoding_map,0
1139,152,2555746,2555750,6,0x09,silence_frame,0
1140,152,2555756,2555760,14046,0x11,video_data_11,3
1141,152,2569806,2569810,132,0x13,documented_unknown_13,0
1142,152,2569942,2569946,0,0x04,start_stop_audio,0
1143,152,2569946,2569950,6,0x07,send_buffer,1
1144,152,2569956,2569960,0,0x01,end_of_chunk,0
1145,153,2569964,2569968,1080,0x0F,set_decoding_map,0
1146,153,2571048,2571052,6,0x09,silence_frame,0
1147,153,2571058,2571062,14068,0x11,video_data_11,3
1148,153,2585130,2585134,132,0x13,documented_unknown_13,0
1149,153,2585266,2585270,0,0x04,start_stop_audio,0
1150,153,2585270,2585274,6,0x07,send_buffer,1
1151,153,2585280,2585284,0,0x01,end_of_chunk,0
1152,154,2585288,2585292,1080,0x0F,set_decoding_map,0
1153,154,2586372,2586376,6,0x09,silence_frame,0
1154,154,2586382,2586386,14044,0x11,video_data_11,3
1155,154,2600430,2600434,132,0x13,documented_unknown_13,0
1156,154,2600566,2600570,0,0x04,start_stop_audio,0
1157,154,2600570,2600574,6,0x07,send_buffer,1
1158,154,2600580,2600584,0,0x01,end_of_chunk,0
1159,155,2600588,2600592,1080,0x0F,set_decoding_map,0
1160,155,2601672,2601676,6,0x09,silence_frame,0
1161,155,2601682,2601686,14034,0x11,video_data_11,3
1162,155,2615720,2615724,132,0x13,documented_unknown_13,0
1163,155,2615856,2615860,0,0x04,start_stop_audio,0
1164,155,2615860,2615864,6,0x07,send_buffer,1
1165,155,2615870,2615874,0,0x01,end_of_chunk,0
1166,156,2615878,2615882,1080,0x0F,set_decoding_map,0
1167,156,2616962,2616966,6,0x09,silence_frame,0
1168,156,2616972,2616976,14026,0x11,video_data_11,3
1169,156,2631002,2631006,132,0x13,documented_unknown_13,0
1170,156,2631138,2631142,0,0x04,start_stop_audio,0
1171,156,2631142,2631146,6,0x07,send_buffer,1
1172,156,2631152,2631156,0,0x01,end_of_chunk,0
1173,157,2631160,2631164,1080,0x0F,set_decoding_map,0
1174,157,2632244,2632248,6,0x09,silence_frame,0
1175,157,2632254,2632258,14042,0x11,video_data_11,3
1176,157,2646300,2646304,132,0x13,documented_unknown_13,0
1177,157,2646436,2646440,0,0x04,start_stop_audio,0
1178,157,2646440,2646444,6,0x07,send_buffer,1
1179,157,2646450,2646454,0,0x01,end_of_chunk,0
1180,158,2646458,2646462,1080,0x0F,set_decoding_map,0
1181,158,2647542,2647546,6,0x09,silence_frame,0
1182,158,2647552,2647556,14030,0x11,video_data_11,3
1183,158,2661586,2661590,132,0x13,documented_unknown_13,0
1184,158,2661722,2661726,0,0x04,start_stop_audio,0
1185,158,2661726,2661730,6,0x07,send_buffer,1
1186,158,2661736,2661740,0,0x01,end_of_chunk,0
1187,159,2661744,2661748,1080,0x0F,set_decoding_map,0
1188,159,2662828,2662832,6,0x09,silence_frame,0
1189,159,2662838,2662842,14038,0x11,video_data_11,3
1190,159,2676880,2676884,132,0x13,documented_unknown_13,0
1191,159,2677016,2677020,0,0x04,start_stop_audio,0
1192,159,2677020,2677024,6,0x07,send_buffer,1
1193,159,2677030,2677034,0,0x01,end_of_chunk,0
1194,160,2677038,2677042,1080,0x0F,set_decoding_map,0
1195,160,2678122,2678126,6,0x09,silence_frame,0
1196,160,2678132,2678136,14026,0x11,video_data_11,3
1197,160,2692162,2692166,132,0x13,documented_unknown_13,0
1198,160,2692298,2692302,0,0x04,start_stop_audio,0
1199,160,2692302,2692306,6,0x07,send_buffer,1
1200,160,2692312,2692316,0,0x01,end_of_chunk,0
1201,161,2692320,2692324,1080,0x0F,set_decoding_map,0
1202,161,2693404,2693408,6,0x09,silence_frame,0
1203,161,2693414,2693418,14036,0x11,video_data_11,3
1204,161,2707454,2707458,132,0x13,documented_unknown_13,0
1205,161,2707590,2707594,0,0x04,start_stop_audio,0
1206,161,2707594,2707598,6,0x07,send_buffer,1
1207,161,2707604,2707608,0,0x01,end_of_chunk,0
1208,162,2707612,2707616,1080,0x0F,set_decoding_map,0
1209,162,2708696,2708700,6,0x09,silence_frame,0
1210,162,2708706,2708710,14032,0x11,video_data_11,3
1211,162,2722742,2722746,132,0x13,documented_unknown_13,0
1212,162,2722878,2722882,0,0x04,start_stop_audio,0
1213,162,2722882,2722886,6,0x07,send_buffer,1
1214,162,2722892,2722896,0,0x01,end_of_chunk,0
1215,163,2722900,2722904,1080,0x0F,set_decoding_map,0
1216,163,2723984,2723988,6,0x09,silence_frame,0
1217,163,2723994,2723998,14056,0x11,video_data_11,3
1218,163,2738054,2738058,132,0x13,documented_unknown_13,0
1219,163,2738190,2738194,0,0x04,start_stop_audio,0
1220,163,2738194,2738198,6,0x07,send_buffer,1
1221,163,2738204,2738208,0,0x01,end_of_chunk,0
1222,164,2738212,2738216,1080,0x0F,set_decoding_map,0
1223,164,2739296,2739300,6,0x09,silence_frame,0
1224,164,2739306,2739310,14024,0x11,video_data_11,3
1225,164,2753334,2753338,132,0x13,documented_unknown_13,0
1226,164,2753470,2753474,0,0x04,start_stop_audio,0
1227,164,2753474,2753478,6,0x07,send_buffer,1
1228,164,2753484,2753488,0,0x01,end_of_chunk,0
1229,165,2753492,2753496,1080,0x0F,set_decoding_map,0
1230,165,2754576,2754580,6,0x09,silence_frame,0
1231,165,2754586,2754590,14046,0x11,video_data_11,3
1232,165,2768636,2768640,132,0x13,documented_unknown_13,0
1233,165,2768772,2768776,0,0x04,start_stop_audio,0
1234,165,2768776,2768780,6,0x07,send_buffer,1
1235,165,2768786,2768790,0,0x01,end_of_chunk,0
1236,166,2768794,2768798,0,0x00,end_of_stream,0
1237,166,2768798,2768802,0,0x01,end_of_chunk,0
